driver,importance,importance_pct
Pay vs market (comp ratio),0.34631936328642565,34.6
Position in salary band,0.31119806346680257,31.1
Time since last raise,0.0879837385898619,8.8
Department,0.07062776403017602,7.1
Size of last raise,0.05459815304449417,5.5
Tenure,0.05440111282097148,5.4
Job level,0.039739241122747425,4.0
Location,0.020404863474740974,2.0
Performance rating,0.014727700163779632,1.5
